{
  "loss": [
    0.32754722237586975,
    0.2502785921096802
  ],
  "dice_coef": [
    0.8151108026504517,
    0.8452677726745605
  ],
  "precision": [
    0.9165533185005188,
    0.8815372586250305
  ],
  "recall": [
    0.7500976324081421,
    0.8246353268623352
  ],
  "val_loss": [
    0.4417586326599121,
    0.43013688921928406
  ],
  "val_dice_coef": [
    0.7185351252555847,
    0.700846791267395
  ],
  "val_precision": [
    0.9409208297729492,
    0.969231367111206
  ],
  "val_recall": [
    0.6283872127532959,
    0.5873647928237915
  ]
}