{
  "loss": [
    0.31603407859802246,
    0.18433383107185364
  ],
  "dice_coef": [
    0.8199061751365662,
    0.8595722317695618
  ],
  "precision": [
    0.9095038175582886,
    0.8858996629714966
  ],
  "recall": [
    0.7707055807113647,
    0.8477389812469482
  ],
  "val_loss": [
    0.29587480425834656,
    0.2258300483226776
  ],
  "val_dice_coef": [
    0.7673128843307495,
    0.7668233513832092
  ],
  "val_precision": [
    0.9119329452514648,
    0.9292835593223572
  ],
  "val_recall": [
    0.7068436145782471,
    0.6914824843406677
  ]
}